<?xml version="1.0" encoding="UTF-8"?>
<beans:beans xmlns="http://www.springframework.org/schema/mvc"
	xmlns:xsi="http://www.w3.org/2001/XMLSchema-instance"
	xmlns:beans="http://www.springframework.org/schema/beans"
	xmlns:context="http://www.springframework.org/schema/context"
	xmlns:aop="http://www.springframework.org/schema/aop"
	xmlns:tx="http://www.springframework.org/schema/tx"
	xsi:schemaLocation="http://www.springframework.org/schema/mvc https://www.springframework.org/schema/mvc/spring-mvc.xsd
		http://www.springframework.org/schema/beans https://www.springframework.org/schema/beans/spring-beans.xsd
		http://www.springframework.org/schema/context https://www.springframework.org/schema/context/spring-context.xsd
		http://www.springframework.org/schema/aop http://www.springframework.org/schema/aop/spring-aop-4.3.xsd
		http://www.springframework.org/schema/tx http://www.springframework.org/schema/tx/spring-tx-4.3.xsd">

	<!-- DispatcherServlet Context: defines this servlet's request-processing infrastructure -->
	
	<!-- Enables the Spring MVC @Controller programming model -->
	<annotation-driven />

	<!-- Handles HTTP GET requests for /resources/** by efficiently serving up static resources in the ${webappRoot}/resources directory -->
	<resources mapping="/resources/**" location="/resources/" />
	
	<!-- location 실제경로, mapping 가상의 url -->
	<resources location="/WEB-INF/views/images/" mapping="/images/**" />
	<resources location="/WEB-INF/views/include/" mapping="/include/**" />
	<resources location="/WEB-INF/views/json/" mapping="/json/**" /> 
	<resources location="/WEB-INF/views/ckeditor/" mapping="/ckeditor/**" />
	<resources location="/WEB-INF/views/summernote/" mapping="/summernote/**" />  
	

	<!-- Resolves views selected for rendering by @Controllers to .jsp resources in the /WEB-INF/views directory -->
	<beans:bean class="org.springframework.web.servlet.view.InternalResourceViewResolver">
		<beans:property name="prefix" value="/WEB-INF/views/" />
		<beans:property name="suffix" value=".jsp" />
	</beans:bean>
	
	<context:component-scan base-package="com.example.spring04" />
	
	<beans:bean id="multipartResolver" class="org.springframework.web.multipart.commons.CommonsMultipartResolver">
		<!-- 파일업로드 최대 용량 설정 -->
		<beans:property name="maxUploadSize" value="10485670" />
	</beans:bean>
	
	<!-- 파일 업로드 디렉토리 설정 -->
	<beans:bean id="upload_path" class="java.lang.String">
		<beans:constructor-arg value="c:/upload" />
	</beans:bean>
	
	<aop:aspectj-autoproxy></aop:aspectj-autoproxy>
	
	<beans:bean id="sampleInterceptor" class="com.example.spring04.interceptor.SampleInterceptor" />
	<beans:bean id="loginInterceptor" class="com.example.spring04.interceptor.LoginInterceptor" />
	<beans:bean id="adminInterceptor" class="com.example.spring04.interceptor.AdminInterceptor" />
	<interceptors>
		<interceptor>
			<mapping path="/shop/**" />
			<beans:ref bean="sampleInterceptor" />
		</interceptor>
		<interceptor>
			<mapping path="/shop/cart/**"/>
			<beans:ref bean="loginInterceptor" />
		</interceptor>
		<interceptor>
			<mapping path="/shop/product/write.do"/>
			<mapping path="/shop/product/insert.do"/>
			<beans:ref bean="adminInterceptor" />
		</interceptor>
	</interceptors>
	
</beans:beans>
















